{
    "properties": {
        "displayName": "Enable logging by category group for Virtual network gateways (microsoft.network/virtualnetworkgateways) to Log Analytics - Custom",
        "policyType": "Custom",
        "mode": "Indexed",
        "description": "Resource logs should be enabled to track activities and events that take place on your resources and give you visibility and insights into any changes that occur. This policy deploys a diagnostic setting using a category group to route logs to a Log Analytics workspace for Virtual network gateways (microsoft.network/virtualnetworkgateways).",
        "metadata": {
            "category": "Monitoring",
            "version": "1.1.0"
        },
        "parameters": {
            "effect": {
                "type": "String",
                "metadata": {
                    "displayName": "Effect",
                    "description": "Enable or disable the execution of the policy"
                },
                "allowedValues": [
                    "DeployIfNotExists",
                    "AuditIfNotExists",
                    "Disabled"
                ],
                "defaultValue": "DeployIfNotExists"
            },
            "diagnosticSettingName": {
                "type": "String",
                "metadata": {
                    "displayName": "Diagnostic Setting Name",
                    "description": "Diagnostic Setting Name"
                },
                "defaultValue": "setByPolicy-LogAnalytics"
            },
            "categoryGroup": {
                "type": "String",
                "metadata": {
                    "displayName": "Category Group",
                    "description": "Diagnostic category group - none, audit, or allLogs."
                },
                "allowedValues": [
                    "audit",
                    "allLogs"
                ],
                "defaultValue": "audit"
            },
            "resourceLocationList": {
                "type": "Array",
                "metadata": {
                    "displayName": "Resource Location List",
                    "description": "Resource Location List to send logs to nearby Log Analytics. A single entry \"*\" selects all locations (default)."
                },
                "defaultValue": [
                    "*"
                ]
            },
            "logAnalytics": {
                "type": "String",
                "metadata": {
                    "displayName": "Log Analytics Workspace",
                    "description": "Log Analytics Workspace",
                    "strongType": "omsWorkspace",
                    "assignPermissions": true
                }
            },
            "logAnalyticsDestinationType": {
                "type": "String",
                "metadata": {
                    "displayName": "Log Analytics Destination Type",
                    "description": "Destination type for Log Analytics - AzureDiagnostics or Dedicated."
                },
                "allowedValues": [
                    "AzureDiagnostics",
                    "Dedicated"
                ],
                "defaultValue": "Dedicated"
            },
            "collectMetrics": {
                "type": "String",
                "metadata": {
                    "displayName": "Collect Metrics",
                    "description": "Enable or disable metrics collection for diagnostic settings."
                },
                "allowedValues": [
                    "true",
                    "false"
                ],
                "defaultValue": "false"
            }
        },
        "policyRule": {
            "if": {
                "allOf": [
                    {
                        "field": "type",
                        "equals": "microsoft.network/virtualnetworkgateways"
                    },
                    {
                        "anyOf": [
                            {
                                "value": "[first(parameters('resourceLocationList'))]",
                                "equals": "*"
                            },
                            {
                                "field": "location",
                                "in": "[parameters('resourceLocationList')]"
                            }
                        ]
                    }
                ]
            },
            "then": {
                "effect": "[parameters('effect')]",
                "details": {
                    "type": "Microsoft.Insights/diagnosticSettings",
                    "evaluationDelay": "AfterProvisioning",
                    "existenceCondition": {
                        "allOf": [
                            {
                                "count": {
                                    "field": "Microsoft.Insights/diagnosticSettings/logs[*]",
                                    "where": {
                                        "allOf": [
                                            {
                                                "field": "Microsoft.Insights/diagnosticSettings/logs[*].enabled",
                                                "equals": "[equals(parameters('categoryGroup'), 'audit')]"
                                            },
                                            {
                                                "field": "microsoft.insights/diagnosticSettings/logs[*].categoryGroup",
                                                "equals": "audit"
                                            }
                                        ]
                                    }
                                },
                                "equals": 1
                            },
                            {
                                "count": {
                                    "field": "Microsoft.Insights/diagnosticSettings/logs[*]",
                                    "where": {
                                        "allOf": [
                                            {
                                                "field": "Microsoft.Insights/diagnosticSettings/logs[*].enabled",
                                                "equals": "[equals(parameters('categoryGroup'), 'allLogs')]"
                                            },
                                            {
                                                "field": "microsoft.insights/diagnosticSettings/logs[*].categoryGroup",
                                                "equals": "allLogs"
                                            }
                                        ]
                                    }
                                },
                                "equals": 1
                            },
                            {
                                "field": "Microsoft.Insights/diagnosticSettings/workspaceId",
                                "equals": "[parameters('logAnalytics')]"
                            },
                            {
                                "field": "Microsoft.Insights/diagnosticSettings/logAnalyticsDestinationType",
                                "equals": "[parameters('logAnalyticsDestinationType')]"
                            }
                        ]
                    },
                    "roleDefinitionIds": [
                        "/providers/Microsoft.Authorization/roleDefinitions/92aaf0da-9dab-42b6-94a3-d43ce8d16293"
                    ],
                    "deployment": {
                        "properties": {
                            "mode": "incremental",
                            "template": {
                                "$schema": "http://schema.management.azure.com/schemas/2019-08-01/deploymentTemplate.json#",
                                "contentVersion": "1.0.0.0",
                                "parameters": {
                                    "diagnosticSettingName": {
                                        "type": "string"
                                    },
                                    "logAnalytics": {
                                        "type": "string"
                                    },
                                    "categoryGroup": {
                                        "type": "String"
                                    },
                                    "resourceName": {
                                        "type": "string"
                                    },
                                    "logAnalyticsDestinationType": {
                                        "type": "String"
                                    },
                                    "collectMetrics": {
                                        "type": "String"
                                    }
                                },
                                "variables": {},
                                "resources": [
                                    {
                                        "type": "microsoft.network/virtualnetworkgateways/providers/diagnosticSettings",
                                        "apiVersion": "2021-05-01-preview",
                                        "name": "[concat(parameters('resourceName'), '/', 'Microsoft.Insights/', parameters('diagnosticSettingName'))]",
                                        "properties": {
                                            "workspaceId": "[parameters('logAnalytics')]",
                                            "logs": [
                                                {
                                                    "categoryGroup": "audit",
                                                    "enabled": "[equals(parameters('categoryGroup'), 'audit')]"
                                                },
                                                {
                                                    "categoryGroup": "allLogs",
                                                    "enabled": "[equals(parameters('categoryGroup'), 'allLogs')]"
                                                }
                                            ],
                                            "metrics": "[if(equals(parameters('collectMetrics'), 'true'), createArray(createObject('timeGrain', json('null'), 'enabled', true(), 'retentionPolicy', createObject('days', 0, 'enabled', false()), 'category', 'AllMetrics')), createArray())]",
                                            "logAnalyticsDestinationType": "[parameters('logAnalyticsDestinationType')]"
                                        }
                                    }
                                ],
                                "outputs": {
                                    "policy": {
                                        "type": "string",
                                        "value": "[concat('Diagnostic setting ', parameters('diagnosticSettingName'), ' for type Virtual network gateways (microsoft.network/virtualnetworkgateways), resourceName ', parameters('resourceName'), ' to Log Analytics ', parameters('logAnalytics'), ' configured')]"
                                    }
                                }
                            },
                            "parameters": {
                                "diagnosticSettingName": {
                                    "value": "[parameters('diagnosticSettingName')]"
                                },
                                "logAnalytics": {
                                    "value": "[parameters('logAnalytics')]"
                                },
                                "categoryGroup": {
                                    "value": "[parameters('categoryGroup')]"
                                },
                                "resourceName": {
                                    "value": "[field('name')]"
                                },
                                "logAnalyticsDestinationType": {
                                    "value": "[parameters('logAnalyticsDestinationType')]"
                                },
                                "collectMetrics": {
                                    "value": "[parameters('collectMetrics')]"
                                }
                            }
                        }
                    }
                }
            }
        }
    }
}